date,n_long,n_short_requested,n_locate_failed,failed,turnover_usd,nav,fee_wavg_short,short_leg_fee_requested
2019-06-28,34,34,1,DDD,999999999.9999989,499000000.0,0.012696108047022108,0.015216312037075014
2019-07-31,35,35,2,"FCEL,TDAY",653313673.084725,519013670.0123114,0.011524447035515544,0.013964911191321044
2019-08-30,34,34,1,NVAX,825064605.221589,598978244.867635,0.024039756485373924,0.023972617716364986
2019-09-30,35,35,0,,764018033.5076313,521196206.7687415,0.032658901280773284,0.032658901280773284
2019-10-31,34,34,1,TDAY,733857831.140085,553307787.0416223,0.01861662767609901,0.020064421865919814
2019-11-29,35,35,0,,782077888.1495225,537219940.3030454,0.015457707981544729,0.015457707981544729
2019-12-31,36,36,1,KSS,701458369.0985576,497344010.73140883,0.01783943601229432,0.017697741664669784
2020-01-31,37,37,1,KSS,591528947.5601909,533591907.59062845,0.02292330197593066,0.02272669956624323
2020-02-28,37,37,1,KSS,823166908.3013406,566826354.0939652,0.009780162333082413,0.010009157358702616
2020-03-31,35,35,1,KSS,1068872770.1377349,674945708.6682884,0.005782602428808684,0.006090398053377943
2020-04-30,36,36,2,"RRC,CZR",1372300880.5756478,632565069.337211,0.01128803239821127,0.01784625411302556
2020-05-29,38,38,1,CZR,890525204.1253039,703056323.9054805,0.013442926859229692,0.01587181217276883
2020-06-30,39,39,0,,1117416716.1036227,743584727.7306659,0.014333523018603973,0.014333523018603973
2020-07-31,39,39,0,,1056876940.8008102,851794732.8280361,0.021850859928850993,0.021850859928850993
2020-08-31,40,40,0,,1112607207.5034962,846418459.2674402,0.022674170971728868,0.022674170971728868
2020-09-30,39,39,1,M,1107157831.239935,870224323.1691517,0.014269248643931826,0.019031575601779736
2020-10-30,39,39,2,"M,DDD",719585808.6869496,829429401.6736797,0.0355083948165091,0.045759859923418085
2020-11-30,40,40,1,M,1428612057.180533,892991475.5700144,0.03259366061790138,0.03677881910245386
2020-12-31,43,43,1,M,1136850675.1042094,985980240.683989,0.031583034857446735,0.035499708465413095
2021-01-29,43,43,0,,1264476349.9787095,1003559558.143433,0.027014761036592956,0.027014761036592956
2021-02-26,44,44,0,,1404325804.0245757,866256513.2351017,0.011783781308282882,0.011783781308282882
2021-03-31,45,45,1,IRWD,1713776440.4930131,778044969.5106257,0.0060905727434106705,0.00806110907431587
2021-04-30,44,44,0,,1090468751.6374285,749880625.05194,0.007050826426985105,0.007050826426985105
2021-05-28,44,44,2,"UWMC,HRTX",959237101.0921258,702261094.6167451,0.015895703188833387,0.017877772139378825
2021-06-30,45,45,0,,992398392.786992,767848112.1111106,0.0400084606574172,0.0400084606574172
2021-07-30,44,44,0,,967011609.8733336,743584132.9307673,0.035465291577951794,0.035465291577951794
2021-08-31,45,45,0,,882673017.4937114,793526531.5788891,0.0316484741054349,0.0316484741054349
2021-09-30,46,46,0,,930506299.1068219,788330841.2651693,0.03753010406582626,0.03753010406582626
2021-10-29,46,46,0,,1009702595.8227973,873659080.7856941,0.029729738075175788,0.029729738075175788
2021-11-30,47,47,0,,1246346274.6637921,961470972.241594,0.030115464699481634,0.030115464699481634
2021-12-31,47,47,1,GENI,1272901235.7576172,965882440.9160866,0.04996269203965646,0.04905825939884513
2022-01-31,46,46,0,,1418982108.3218322,1039273529.0127231,0.03967418978081341,0.03967418978081341
2022-02-28,46,46,0,,1692821514.6395543,1118630132.1591182,0.011471186554400964,0.011471186554400964
2022-03-31,47,47,1,HRTX,1609584897.5862608,1156256440.5355613,0.038234546756258245,0.052437327858981926
2022-04-29,47,47,0,,1755505662.8025725,1335192450.4437752,0.0178587637362977,0.0178587637362977
2022-05-31,46,46,0,,1491780133.381511,1482813813.007579,0.009328413256315886,0.009328413256315886
2022-06-30,45,45,0,,1738195920.6794693,1302420784.529453,0.011640599605416323,0.011640599605416323
2022-07-29,45,45,2,"TGTX,UPST",1689040337.111764,1213441004.1359618,0.00882957225045037,0.010563195035064683
2022-08-31,46,46,1,UPST,1434720949.564751,1257669190.7879663,0.011485950903177953,0.01204358576564706
2022-09-30,45,45,1,UPST,1210098848.8002756,1299375628.4406664,0.013362417477937077,0.035287697089538474
2022-10-31,46,46,1,UPST,1697697411.337052,1352468666.565047,0.01772427326918856,0.039078093415510544
2022-11-30,46,46,1,UPST,2008142442.5416331,1395596759.5997355,0.012867158001806482,0.03432656761046287
2022-12-30,46,46,0,,1742423548.8038592,1510353427.988551,0.012877185159425826,0.012877185159425826
2023-01-31,48,48,0,,3073904069.2764473,1173801438.8175642,0.029763843662345,0.029763843662345
2023-02-28,47,47,0,,1284438308.779482,1205454106.0176656,0.02914603019169806,0.02914603019169806
2023-03-31,47,47,1,KSS,1833474890.7525125,1168483341.7757783,0.03565891202399967,0.035477460554563814
2023-04-28,47,47,1,KSS,1812149710.2175975,1238007837.0023708,0.02520921673490415,0.02521747624765122
2023-05-31,47,47,1,LWLG,1998481107.5253727,1296656732.210429,0.00931449771991176,0.030392912662041294
2023-06-30,48,48,2,"CVNA,TDOC",2272074275.4927135,1246963294.5144885,0.011055118808756223,0.011245549791508094
2023-07-31,48,48,0,,1904016597.0130017,1165143952.9036837,0.015702198133152382,0.015702198133152382
2023-08-31,48,48,1,SABR,1900223751.3749459,1259049590.234466,0.018456730105878012,0.01834211068259027
2023-09-29,46,46,1,SLE,1929380934.0217266,1271493097.8607605,0.02178262553063022,0.021368753002451127
2023-10-31,46,46,0,,1982967417.9124177,1318853768.288795,0.03638042806273286,0.03638042806273286
2023-11-30,47,47,1,TNON,2209126652.7477784,1456837768.501382,0.01943983352273844,0.01908651759528749
2023-12-29,49,49,0,,2751553776.7687116,1553044601.4857814,0.007346370124335579,0.007346370124335579
2024-01-31,48,48,0,,2224685247.003693,1635070084.1234474,0.008839881935065396,0.008839881935065396
2024-02-29,49,49,2,"SOUN,PCT",2458600661.5676785,1941975975.0847461,0.009374544175090574,0.013040928475725574
2024-03-28,49,49,1,ARRY,2871411203.7647753,2026498055.7755182,0.009612865357641972,0.009749759818551206
2024-04-30,48,48,4,"DVLT,PALI,ARRY,ENVX",2534299084.0336885,1897900607.3098485,0.009798498389735087,0.012110278480204203
2024-05-31,50,50,4,"ENVX,ARRY,INDI,PCT",3126242620.750531,1820464187.538851,0.013099856063864795,0.028087006658291093
2024-06-28,49,49,6,"AEMD,PCT,JBLU,ENVX,ARRY,UPST",2945211373.5807056,1893323947.5629044,0.009889111516673552,0.031094181327171667
2024-07-31,50,50,4,"UPST,ARRY,MP,RUN",3055694616.5724554,1782932816.1130223,0.02490707337829483,0.024319654660746325
2024-08-30,50,50,0,,2645624739.8167872,2006177339.6882863,0.005592428572564855,0.005592428572564855
2024-09-30,51,51,1,TNON,2525426815.2190104,2046699609.506416,0.005757544016274686,0.005709760907588394
2024-10-31,51,51,2,"BIVI,UPXI",3202046121.5199833,2161629112.4297895,0.006633337663579159,0.006486784813243765
2024-11-29,51,51,0,,2903898906.846194,2333269330.8086634,0.005456369797587343,0.005456369797587343
2024-12-31,51,51,1,KSS,2699606481.7447395,2269211699.891031,0.007361181274008468,0.011138413013733793
2025-01-31,51,51,2,"KSS,SNDX",3218855327.7958894,2351622916.686392,0.007690281060517198,0.01385402196527473
2025-02-28,50,50,7,"VKTX,CLSK,ALT,KSS,TLRY,SNDX,MARA",2792685130.0959005,2254365993.081102,0.0072745400111264595,0.01431268753890272
2025-03-31,49,49,6,"CLSK,KSS,RUN,HOG,TDOC,MARA",2460172595.6971016,2238424850.0593514,0.005539479496551437,0.011252770761522738
2025-04-30,50,50,5,"CLSK,KSS,RUN,SNDX,MARA",2729803736.9452405,2395938646.4848433,0.009182192825654722,0.017298142573873618
2025-05-30,51,51,2,"KSS,NVAX",4350448244.423272,2777148116.6104274,0.00671599161553428,0.013852958355110235
2025-06-30,52,52,6,"FLNC,KSS,XRX,SG,RXRX,NVAX",3952236474.232807,3084543019.5411777,0.011069533835499837,0.018195709755451123
2025-07-31,52,52,5,"NVAX,KSS,BEAM,SG,RXRX",3177968413.9033184,3247784160.1614103,0.012074113256142013,0.018454346562797666
2025-08-29,53,53,3,"XPON,NVAX,KSS",5141465092.842957,3156279580.789505,0.011147378528117636,0.019477464696701318
2025-09-30,55,55,5,"SLE,FUN,NVAX,BEAM,AI",4692983933.51113,3734921330.124634,0.010520818064886816,0.014942281006280943
2025-10-31,55,55,4,"REPL,FUN,FIP,SPRY",5458677896.074589,3989281699.1627517,0.014515393961551644,0.018368423169849546
2025-11-28,55,55,2,"UPST,SPRY",4879812801.129926,3646282965.1546655,0.012574209409290913,0.013887791057027796
2025-12-31,55,55,8,"SG,SOC,TLRY,RCAT,SERV,MARA,ENVX,UPST",6305468650.494235,3712645315.188888,0.007566479806635332,0.011584875004479613
2026-01-30,56,56,5,"MARA,GO,NOG,ENVX,SERV",4661327246.528803,4218129080.498626,0.00987619562475466,0.01468320594238351
2026-02-27,56,56,2,"TDOC,HIMS",5781427819.284285,4919005879.212467,0.01248688328977576,0.014897944679705705
2026-03-31,54,54,3,"HIMS,GTM,TDOC",4645903812.814078,4597260888.475401,0.010743234730433487,0.013711976941055085
2026-04-30,56,56,4,"AIXI,CERT,GO,SPRY",6205109130.608894,5617057553.745178,0.01398844294081836,0.02666871658451629
2026-05-29,57,57,4,"AEHL,REPL,SPRY,GO",7664091270.547642,5970409759.700986,0.009285126591015318,0.026292651881502177
2026-06-30,57,57,3,"SDOT,SPRY,UPST",9011490402.008512,6496989053.248903,0.010132416374804115,0.012834008846837918
2026-07-31,56,56,2,"SOC,SPRY",7758082800.194708,4573559050.062529,0.01037495493403669,0.014050325860758313
2026-08-31,56,56,6,"GAUZ,SPRY,SOUN,QUBT,GO,FLO",5662244091.891875,4323693840.768159,0.014561161045194126,0.02409036021049629
