date,symbol,event,p_locate,notional,hazard
2019-06-28,DDD,locate_failed,0.6412154802442716,,
2019-07-31,FCEL,locate_failed,0.5,,
2019-07-31,TDAY,locate_failed,0.8129536139101662,,
2019-08-22,GT,recall,,13568298.974411804,0.0008977217823043113
2019-08-23,RRC,recall,,10406070.373604063,0.007542654653315957
2019-08-23,GT,reentry,,12960421.131665487,
2019-08-27,RRC,reentry,,9382069.081817122,
2019-08-30,NVAX,locate_failed,0.5,,
2019-10-14,DDD,recall,,14565481.520796718,0.004370877554871628
2019-10-16,DDD,reentry,,14894852.26278304,
2019-10-31,TDAY,locate_failed,0.584667472672908,,
2019-11-11,APA,recall,,18486658.181053218,0.0009627628756518096
2019-11-12,APA,reentry,,18447901.197800834,
2019-12-31,KSS,locate_failed,0.4594340057995815,,
2020-01-02,GAP,recall,,13907928.085786609,0.0015377305870282498
2020-01-03,GAP,reentry,,14036705.06976348,
2020-01-31,KSS,locate_failed,0.3817113785776147,,
2020-02-21,KHC,recall,,13852587.730044918,0.0007112643108348966
2020-02-24,KHC,reentry,,13532443.012773715,
2020-02-28,KSS,locate_failed,0.5193680178366897,,
2020-03-16,CERS,recall,,11166474.111915905,0.0010035098528936223
2020-03-17,CERS,reentry,,11503922.173866807,
2020-03-31,KSS,locate_failed,0.38403038625572283,,
2020-04-30,RRC,locate_failed,0.2173611066281309,,
2020-04-30,CZR,locate_failed,0.144328248134163,,
2020-05-29,CZR,locate_failed,0.17797427348110273,,
2020-06-04,M,recall,,24559763.45706809,0.008764
2020-06-05,M,reentry,,26234973.905026775,
2020-07-10,OXY,recall,,17435859.143488906,0.0008751755685208701
2020-07-13,OXY,reentry,,16861968.673601028,
2020-07-23,MAC,recall,,17391922.9220614,0.005888287631151519
2020-07-27,MAC,reentry,,16774584.251700396,
2020-08-28,TRIP,recall,,26548583.031568795,0.0031695329352753273
2020-09-09,M,recall,,22951434.38362859,0.008764
2020-09-21,M,reentry,,19181926.621025514,
2020-09-28,M,recall,,18117953.1584409,0.008764
2020-09-30,M,locate_failed,0.09999999999999998,,
2020-10-02,MAC,recall,,25023510.493496526,0.007304169099903896
2020-10-05,MAC,reentry,,25226129.82260183,
2020-10-09,CPRI,recall,,27592163.370634284,0.0024164269050869075
2020-10-12,KSS,recall,,26307988.18283058,0.008764
2020-10-12,CPRI,reentry,,27566685.258815706,
2020-10-15,KSS,reentry,,25565523.329798467,
2020-10-30,M,locate_failed,0.09999999999999998,,
2020-10-30,DDD,locate_failed,0.2277697578043123,,
2020-11-04,AAL,recall,,21899417.19032626,0.005613566013131878
2020-11-05,AAL,reentry,,23072955.720324144,
2020-11-13,KSS,recall,,25566391.73356252,0.008605138693860176
2020-11-17,KSS,reentry,,30751331.88578634,
2020-11-30,M,locate_failed,0.09999999999999998,,
2020-12-03,KSS,recall,,27513495.87651547,0.008764
2020-12-10,KIM,recall,,23537370.92632637,0.0007250953842625223
2020-12-11,KIM,reentry,,23426196.242403626,
2020-12-24,KSS,reentry,,27712919.771069087,
2020-12-31,M,locate_failed,0.09999999999999998,,
2021-01-11,AAL,recall,,22355219.284028288,0.005794136418483508
2021-01-13,OXY,recall,,30318732.985061496,0.0007861344405259436
2021-01-14,AAL,reentry,,24501321.131226677,
2021-01-14,OXY,reentry,,32912050.296886414,
2021-02-12,NOV,recall,,26312594.375237636,0.0008772349424895353
2021-02-16,NOV,reentry,,27407381.196125906,
2021-02-26,PAGP,recall,,19719564.523616504,0.0009333635925202286
2021-03-01,PAGP,reentry,,20954896.80109722,
2021-03-04,XRX,recall,,19789217.7358605,0.0009989369514494578
2021-03-05,XRX,reentry,,20191658.189683244,
2021-03-31,IRWD,locate_failed,0.748416503845561,,
2021-05-17,VZ,recall,,17111824.731535144,0.0007061708072994525
2021-05-18,VZ,reentry,,16887369.11568116,
2021-05-28,UWMC,locate_failed,0.5,,
2021-05-28,HRTX,locate_failed,0.8264463574221205,,
2021-06-07,ASTS,recall,,18598560.698375467,0.0021123310295963794
2021-06-08,ASTS,reentry,,28152932.71523658,
2021-06-10,SRPT,recall,,19200063.747851808,0.001132563313960194
2021-06-11,SRPT,reentry,,19034068.9604064,
2021-10-28,MVST,recall,,17554447.257370286,0.000946467230747892
2021-11-05,VNET,recall,,19705755.67507564,0.0007462794496977093
2021-11-08,VNET,reentry,,20445480.166720863,
2021-12-07,INO,recall,,18474621.892609768,0.0009139333574360908
2021-12-08,INO,reentry,,18785832.906778853,
2021-12-31,GENI,locate_failed,0.5,,
2022-01-12,HRTX,recall,,19574313.789337505,0.0063077516821870286
2022-01-14,HRTX,reentry,,20034885.439262617,
2022-02-01,AI,recall,,22864246.27689825,0.0020177235891268644
2022-02-02,AI,reentry,,21369737.424740493,
2022-02-23,IONS,recall,,21862511.04568499,0.0009704411055106743
2022-02-24,IONS,reentry,,23114644.684375163,
2022-03-31,HRTX,locate_failed,0.30386140704882536,,
2022-04-25,ALLO,recall,,22932965.671067048,0.0010205798913291773
2022-04-26,ALLO,reentry,,23375046.505254716,
2022-05-05,DKNG,recall,,30026016.38438205,0.001294083227386558
2022-05-06,DKNG,reentry,,27343636.805710133,
2022-06-01,GAP,recall,,31740937.05246821,0.0010612026219036128
2022-06-02,GAP,reentry,,31887206.414718248,
2022-06-15,RIOT,recall,,21810864.49607538,0.001046183088385374
2022-06-16,RIOT,reentry,,20329880.25287883,
2022-06-22,DDD,recall,,29551188.986586355,0.0014455618531163702
2022-06-23,DDD,reentry,,31252623.081061363,
2022-06-24,TLRY,recall,,25943365.8499768,0.0011061036944561634
2022-06-27,TLRY,reentry,,26158963.89033245,
2022-06-30,TDOC,recall,,28981310.67666962,0.008073026272421137
2022-07-05,MARA,recall,,32943175.23513608,0.0011245196403612946
2022-07-06,MARA,reentry,,30663745.956580564,
2022-07-08,TDOC,reentry,,36486259.337413386,
2022-07-22,BBIO,recall,,32396508.23616315,0.0014374001895892964
2022-07-25,BBIO,reentry,,35205270.012199335,
2022-07-29,TGTX,locate_failed,0.9453821673479926,,
2022-07-29,UPST,locate_failed,0.2752838205329673,,
2022-08-24,PTON,recall,,40140056.45675944,0.0013639593688472209
2022-08-25,PTON,reentry,,32785018.233237505,
2022-08-31,UPST,locate_failed,0.2711824002872584,,
2022-09-07,SHOP,recall,,27387775.376091976,0.0007783113895931059
2022-09-08,SHOP,reentry,,28236461.364256103,
2022-09-12,RIOT,recall,,33053185.666061662,0.0010789498111971724
2022-09-13,RIOT,reentry,,29775183.289711416,
2022-09-19,BFLY,recall,,24836257.80189737,0.0012158755779891704
2022-09-20,BFLY,reentry,,24252403.14836514,
2022-09-27,OPTU,recall,,17655434.69114959,0.0018550933430497474
2022-09-28,OPTU,reentry,,17963216.02092656,
2022-09-30,UPST,locate_failed,0.14924275486646799,,
2022-10-10,BILI,recall,,26626043.855609316,0.001175372360976771
2022-10-11,BILI,reentry,,24696620.41447881,
2022-10-21,SPCE,recall,,27927073.315657157,0.0007371060603084051
2022-10-24,SPCE,reentry,,27989829.82617926,
2022-10-28,TOST,recall,,39193653.29677131,0.0007416297447143098
2022-10-31,UPST,locate_failed,0.13342163612458235,,
2022-11-30,UPST,locate_failed,0.14442807103707933,,
2022-12-09,NVAX,recall,,31095556.32757729,0.003532059748979391
2022-12-12,NVAX,reentry,,30831876.203634962,
2022-12-14,SMTC,recall,,29875787.489760783,0.0008645562144289489
2022-12-15,SMTC,reentry,,28673480.981978502,
2022-12-30,OKTA,recall,,32871648.946464226,0.0007698036925435366
2023-01-03,OKTA,reentry,,33458557.343457486,
2023-01-18,AFRM,recall,,44123473.10354758,0.0014197127381569594
2023-01-19,AFRM,reentry,,41641954.12793773,
2023-02-03,UPST,recall,,29007121.143192902,0.020992044536114595
2023-02-03,KSS,recall,,26328510.38336086,0.0045935477494462515
2023-02-06,KSS,reentry,,26048259.486054983,
2023-02-09,VERI,recall,,24605282.53012258,0.0009720284118460444
2023-02-10,UPST,reentry,,21407516.841071613,
2023-02-10,VERI,reentry,,24344143.87018237,
2023-02-24,OKTA,recall,,24071903.832843143,0.0007591462870631218
2023-02-27,OKTA,reentry,,23862062.487836137,
2023-03-06,MRVI,recall,,27450800.42759338,0.0007473586657187619
2023-03-07,MRVI,reentry,,26719707.343303513,
2023-03-31,KSS,locate_failed,0.294044134073995,,
2023-04-13,GME,recall,,24922225.284401935,0.001479735505202239
2023-04-14,GME,reentry,,24822757.2509512,
2023-04-28,KSS,locate_failed,0.29828033968677725,,
2023-05-22,INO,recall,,23452270.122323956,0.0008583028941266016
2023-05-23,INO,reentry,,23102236.57205875,
2023-05-25,FIS,recall,,24455635.442095634,0.0007184795723900245
2023-05-26,FIS,reentry,,24997258.151294228,
2023-05-31,LWLG,locate_failed,0.7116572188787502,,
2023-05-31,SIRI,recall,,28231635.07212945,0.0010131319955634433
2023-06-01,SIRI,reentry,,29341869.169689015,
2023-06-20,KSS,recall,,34811825.93946158,0.007960100077688173
2023-06-23,KSS,reentry,,33055054.79933445,
2023-06-29,DEI,recall,,30738408.833282482,0.003762308505879203
2023-06-30,CVNA,locate_failed,0.6969212122567303,,
2023-06-30,TDOC,locate_failed,0.5897877180022291,,
2023-07-12,NVAX,recall,,34138506.65541785,0.005981606068766286
2023-07-13,NVAX,reentry,,33772996.63051677,
2023-08-21,BCRX,recall,,24708307.048980117,0.0026590370685173484
2023-08-22,BCRX,reentry,,23852892.229775243,
2023-08-31,SABR,locate_failed,0.8840471123041086,,
2023-09-07,NWL,recall,,25763685.014025442,0.0008790584099412956
2023-09-08,NWL,reentry,,25205809.259315126,
2023-09-12,CGC,recall,,62850497.12157553,0.0007141684601673078
2023-09-13,CGC,reentry,,54407896.36871667,
2023-09-29,SLE,locate_failed,0.5,,
2023-10-13,BE,recall,,24392859.175470673,0.0013509522567807161
2023-10-16,BEAM,recall,,26250917.73904768,0.0022169712204033556
2023-10-16,BE,reentry,,26441603.279909737,
2023-10-17,BEAM,reentry,,26203853.16269277,
2023-10-19,RLAY,recall,,22847242.01167636,0.001376821043201083
2023-10-20,RLAY,reentry,,22779945.339066032,
2023-11-30,TNON,locate_failed,0.5,,
2023-11-30,BEAM,recall,,31718410.764220223,0.0021076376127859564
2023-12-01,BEAM,reentry,,33401474.329295993,
2024-01-03,BTDR,recall,,25825819.248780042,0.0007008542542170066
2024-01-04,BTDR,reentry,,25825819.248780042,
2024-01-16,SHLS,recall,,26908617.04331579,0.0039546544044392114
2024-01-17,SHLS,reentry,,26765595.405482672,
2024-02-29,SOUN,locate_failed,0.5,,
2024-02-29,PCT,locate_failed,0.3212647257296688,,
2024-02-29,SIDU,recall,,41370948.42013433,0.000700092602848182
2024-03-01,NTLA,recall,,42066476.15257551,0.0017451690546048237
2024-03-01,SIDU,reentry,,28379181.397135857,
2024-03-04,NTLA,reentry,,41718712.28635492,
2024-03-28,ARRY,locate_failed,0.45872086229014875,,
2024-04-30,DVLT,locate_failed,0.5,,
2024-04-30,PALI,locate_failed,0.5,,
2024-04-30,ARRY,locate_failed,0.36731939564185057,,
2024-04-30,ENVX,locate_failed,0.2795530516829918,,
2024-04-30,GME,recall,,43191702.41804277,0.0015188309358596136
2024-05-01,GME,reentry,,42490663.688616335,
2024-05-08,TDOC,recall,,41328530.29505556,0.0046440917383487315
2024-05-09,TDOC,reentry,,41464033.5459645,
2024-05-20,VFC,recall,,42706401.20225566,0.0016226228186710715
2024-05-21,VFC,reentry,,43191702.41804277,
2024-05-24,NTLA,recall,,50134668.86820428,0.0025429560549312135
2024-05-28,NTLA,reentry,,45855862.93332555,
2024-05-31,ENVX,locate_failed,0.26650118412580714,,
2024-05-31,ARRY,locate_failed,0.3295714097436505,,
2024-05-31,INDI,locate_failed,0.8722511986414361,,
2024-05-31,PCT,locate_failed,0.26698246518839186,,
2024-06-28,AEMD,locate_failed,0.5,,
2024-06-28,PCT,locate_failed,0.26390016503146074,,
2024-06-28,JBLU,locate_failed,0.7843941603355861,,
2024-06-28,ENVX,locate_failed,0.27754459780869567,,
2024-06-28,ARRY,locate_failed,0.37803898600010444,,
2024-06-28,UPST,locate_failed,0.27101474627283895,,
2024-07-24,FLG,recall,,49942664.862888694,0.0012183392657011075
2024-07-25,FLG,reentry,,48436167.950038455,
2024-07-31,UPST,locate_failed,0.2951263593267468,,
2024-07-31,ARRY,locate_failed,0.4731037130701121,,
2024-07-31,MP,locate_failed,0.8390127374070814,,
2024-07-31,RUN,locate_failed,0.46789898496380544,,
2024-09-12,ASAN,recall,,33461331.846425213,0.0008519425282876252
2024-09-13,ASAN,reentry,,34632906.64630124,
2024-09-30,TNON,locate_failed,0.5,,
2024-10-04,SPCE,recall,,40984500.7264327,0.0010112941682234493
2024-10-07,SPCE,reentry,,41320440.54373311,
2024-10-14,APA,recall,,44737785.83904791,0.0008484355452924966
2024-10-15,APA,reentry,,41637976.157273285,
2024-10-23,TDOC,recall,,38752229.5192452,0.0048936239200869
2024-10-24,APLD,recall,,40885142.08694856,0.0013266862939181987
2024-10-25,APLD,reentry,,39941258.700252645,
2024-10-29,TDOC,reentry,,39823718.67684253,
2024-10-31,BIVI,locate_failed,0.5,,
2024-10-31,UPXI,locate_failed,0.5,,
2024-11-12,BA,recall,,42955218.557972826,0.0007217688536471148
2024-11-13,BA,reentry,,41416560.3763244,
2024-12-31,KSS,locate_failed,0.09999999999999998,,
2025-01-31,KSS,locate_failed,0.09999999999999998,,
2025-01-31,SNDX,locate_failed,0.15574111971263727,,
2025-01-31,ARRY,recall,,48057995.347228326,0.005547270665397107
2025-02-03,ARRY,reentry,,46025529.32228902,
2025-02-13,ARRY,recall,,43337429.59999964,0.004296342733098427
2025-02-14,ARRY,reentry,,44517570.25522979,
2025-02-27,CLVT,recall,,38925201.14172335,0.0013098875298045763
2025-02-28,VKTX,locate_failed,0.4881344386627927,,
2025-02-28,CLSK,locate_failed,0.25295691675053567,,
2025-02-28,ALT,locate_failed,0.8014546051804075,,
2025-02-28,KSS,locate_failed,0.09999999999999998,,
2025-02-28,TLRY,locate_failed,0.8967296798919652,,
2025-02-28,SNDX,locate_failed,0.17581283926236213,,
2025-02-28,MARA,locate_failed,0.5981486309009194,,
2025-03-07,PAGS,recall,,53561873.996725254,0.001140772190406867
2025-03-10,PAGS,reentry,,51707533.241190806,
2025-03-18,TSLQ,recall,,78057151.42974252,0.001204
2025-03-19,TSLQ,reentry,,70901314.903347,
2025-03-28,STNE,recall,,62366243.5120514,0.002018596278218198
2025-03-31,CLSK,locate_failed,0.21871067548073508,,
2025-03-31,KSS,locate_failed,0.09999999999999998,,
2025-03-31,RUN,locate_failed,0.545834075927591,,
2025-03-31,HOG,locate_failed,0.9171150280229232,,
2025-03-31,TDOC,locate_failed,0.5246062016374775,,
2025-03-31,MARA,locate_failed,0.42261302739518103,,
2025-04-30,CLSK,locate_failed,0.15857735799201822,,
2025-04-30,KSS,locate_failed,0.09999999999999998,,
2025-04-30,RUN,locate_failed,0.3930972528096196,,
2025-04-30,SNDX,locate_failed,0.185116269750216,,
2025-04-30,MARA,locate_failed,0.4368687289498405,,
2025-05-13,EYPT,recall,,46191364.672485225,0.002463318098640505
2025-05-14,EYPT,reentry,,42908728.93856717,
2025-05-30,KSS,locate_failed,0.09999999999999998,,
2025-05-30,NVAX,locate_failed,0.11465855814008641,,
2025-06-04,CLSK,recall,,62685175.654013716,0.007731145216414706
2025-06-16,CELH,recall,,65172173.05089774,0.0015381200854897989
2025-06-16,CLSK,reentry,,63277166.79062848,
2025-06-17,CELH,reentry,,66176202.36625894,
2025-06-30,FLNC,locate_failed,0.5275925827184356,,
2025-06-30,KSS,locate_failed,0.09999999999999998,,
2025-06-30,XRX,locate_failed,0.5258451001469477,,
2025-06-30,SG,locate_failed,0.7149282322741932,,
2025-06-30,RXRX,locate_failed,0.2508428262401837,,
2025-06-30,NVAX,locate_failed,0.1396669842700632,,
2025-06-30,SNDX,recall,,67141201.21772632,0.008764
2025-07-03,SNDX,reentry,,64524380.750453345,
2025-07-18,NRIX,recall,,66080144.47103849,0.0023012465451747763
2025-07-22,NRIX,reentry,,66315934.23456119,
2025-07-31,NVAX,locate_failed,0.15729149342808535,,
2025-07-31,KSS,locate_failed,0.09999999999999998,,
2025-07-31,BEAM,locate_failed,0.4987611484675918,,
2025-07-31,SG,locate_failed,0.479713651591567,,
2025-07-31,RXRX,locate_failed,0.26785573284958986,,
2025-08-29,XPON,locate_failed,0.050000000000000044,,
2025-08-29,NVAX,locate_failed,0.220061482854933,,
2025-08-29,KSS,locate_failed,0.09999999999999998,,
2025-09-02,XRAY,recall,,61061853.689355336,0.001015789718917068
2025-09-03,XRAY,reentry,,61504007.94305029,
2025-09-04,SNDX,recall,,62686354.75853725,0.008764
2025-09-29,SNDX,reentry,,60247045.96489728,
2025-09-30,SLE,locate_failed,0.5,,
2025-09-30,FUN,locate_failed,0.27863318525489,,
2025-09-30,NVAX,locate_failed,0.13663124645240865,,
2025-09-30,BEAM,locate_failed,0.4052986543118148,,
2025-09-30,AI,locate_failed,0.19066089538713116,,
2025-10-17,XRAY,recall,,73731406.5748521,0.0011627339375530966
2025-10-20,XRAY,reentry,,76206801.92418261,
2025-10-27,ENPH,recall,,77793280.81950922,0.004591682216483756
2025-10-28,ENPH,reentry,,77560808.44645451,
2025-10-31,REPL,locate_failed,0.2665443408496868,,
2025-10-31,FUN,locate_failed,0.277887130217485,,
2025-10-31,FIP,locate_failed,0.7733861835789294,,
2025-10-31,SPRY,locate_failed,0.2746979465584731,,
2025-11-19,SG,recall,,75339568.5330433,0.007898776316499314
2025-11-19,FLNC,recall,,62699891.321136646,0.0038521744936288885
2025-11-20,FLNC,reentry,,57851002.95285332,
2025-11-21,SG,reentry,,83932009.69588308,
2025-11-28,UPST,locate_failed,0.2837205255084896,,
2025-11-28,SPRY,locate_failed,0.24832549896033562,,
2025-12-01,CAPR,recall,,85629459.54653473,0.008764
2025-12-11,AI,recall,,75898038.08953083,0.008764
2025-12-15,AI,reentry,,69843355.76194708,
2025-12-22,SG,recall,,71543556.57648432,0.006709972918528105
2025-12-29,CAPR,reentry,,386813384.40370166,
2025-12-31,SG,locate_failed,0.27718758487076367,,
2025-12-31,SOC,locate_failed,0.25406586146286136,,
2025-12-31,TLRY,locate_failed,0.6275151363453821,,
2025-12-31,RCAT,locate_failed,0.5539345253082497,,
2025-12-31,SERV,locate_failed,0.47940711022000904,,
2025-12-31,MARA,locate_failed,0.292072207802493,,
2025-12-31,ENVX,locate_failed,0.16855050481710232,,
2025-12-31,UPST,locate_failed,0.37358176795582965,,
2026-01-02,UMAC,recall,,84281642.52049491,0.002586607090155386
2026-01-05,UMAC,reentry,,96268643.21639864,
2026-01-30,MARA,locate_failed,0.28663097037287755,,
2026-01-30,GO,locate_failed,0.141509105820396,,
2026-01-30,NOG,locate_failed,0.6703761222031482,,
2026-01-30,ENVX,locate_failed,0.17359810583118118,,
2026-01-30,SERV,locate_failed,0.29980260362374556,,
2026-02-05,TSLQ,recall,,96700194.33701476,0.0036119999999999998
2026-02-06,TSLQ,reentry,,89986698.29197429,
2026-02-13,ACHC,recall,,103314949.9327627,0.0075624016797030584
2026-02-19,PRMB,recall,,81706889.40361181,0.0016475632265326294
2026-02-19,ACHC,reentry,,103869413.91634919,
2026-02-20,PRMB,reentry,,81881752.66975011,
2026-02-27,TDOC,locate_failed,0.36007792566135355,,
2026-02-27,HIMS,locate_failed,0.14166305149801595,,
2026-03-02,BHVN,recall,,93495591.96795937,0.002059695582473543
2026-03-03,BHVN,reentry,,84470612.86926286,
2026-03-25,WEN,recall,,85008658.29012287,0.005891044329926042
2026-03-30,WEN,reentry,,80722511.4594086,
2026-03-31,HIMS,locate_failed,0.12597649075964612,,
2026-03-31,GTM,locate_failed,0.7227482707491337,,
2026-03-31,TDOC,locate_failed,0.2994888754120877,,
2026-04-06,DEI,recall,,90233466.51545517,0.005649646654536047
2026-04-07,DEI,reentry,,91191362.58762074,
2026-04-15,UPST,recall,,117356278.47164091,0.007975549837389675
2026-04-16,UPST,reentry,,116406450.8838395,
2026-04-20,WEN,recall,,92570452.40834658,0.007506102435230842
2026-04-22,WEN,reentry,,92180952.69590203,
2026-04-27,SG,recall,,117181799.02816379,0.008056652629300352
2026-04-28,SG,reentry,,117355663.24935983,
2026-04-30,AIXI,locate_failed,0.050000000000000044,,
2026-04-30,CERT,locate_failed,0.6127814458992404,,
2026-04-30,GO,locate_failed,0.13034175461813946,,
2026-04-30,SPRY,locate_failed,0.09999999999999998,,
2026-05-04,AI,recall,,112915941.50461192,0.008764
2026-05-07,SMCI,recall,,132688157.88296616,0.0016057305699286172
2026-05-08,FMC,recall,,94217911.59441218,0.002700620574292661
2026-05-08,AI,reentry,,120876388.00985226,
2026-05-08,SMCI,reentry,,139594888.5097471,
2026-05-12,FMC,reentry,,92460114.6862667,
2026-05-13,PRMB,recall,,124323480.15848579,0.0016128024629029174
2026-05-14,PRMB,reentry,,123474494.3455959,
2026-05-29,AEHL,locate_failed,0.5,,
2026-05-29,REPL,locate_failed,0.13813459899776093,,
2026-05-29,SPRY,locate_failed,0.11888487283242699,,
2026-05-29,GO,locate_failed,0.16417572196344798,,
2026-06-17,SG,recall,,96486307.02384537,0.005164151629381643
2026-06-23,SG,reentry,,93881624.2454719,
2026-06-30,SDOT,locate_failed,0.5,,
2026-06-30,SPRY,locate_failed,0.1821535755810635,,
2026-06-30,UPST,locate_failed,0.2575129238715166,,
2026-07-16,TOST,recall,,131351677.5548983,0.0010756790961900064
2026-07-17,TOST,reentry,,130268989.80444242,
2026-07-27,FISV,recall,,128489033.36225177,0.000819506750189528
2026-07-28,FISV,reentry,,133155996.90442576,
2026-07-31,SOC,locate_failed,0.15085516915286945,,
2026-07-31,SPRY,locate_failed,0.19160689971940337,,
2026-08-11,SMR,recall,,99650804.09592259,0.0027204159062274684
2026-08-12,SMR,reentry,,96628027.63506603,
2026-08-25,UPST,recall,,94547480.59520435,0.006758729716910017
2026-08-26,UPST,reentry,,94207379.85620427,
2026-08-31,GAUZ,locate_failed,0.5,,
2026-08-31,SPRY,locate_failed,0.1852607875203105,,
2026-08-31,SOUN,locate_failed,0.1654881968701054,,
2026-08-31,QUBT,locate_failed,0.10358161927081588,,
2026-08-31,GO,locate_failed,0.15847344570484634,,
2026-08-31,FLO,locate_failed,0.21308764339739672,,
2026-09-02,PCT,recall,,83935138.76369315,0.008764
2026-09-09,PCT,reentry,,83139545.7804841,
2026-09-11,KD,recall,,84655809.1772968,0.002295309655516572
2026-09-14,KD,reentry,,87359645.47726806,
